origin_name,GEMEINDE_CODE,avg_travel_min
Zürich HB,0001,58.12536511122478
Zürich HB,0002,22.83937962876799
Zürich HB,0003,15.839379628767992
Zürich HB,0004,58.215703702953014
Zürich HB,0005,19.83937962876799
Zürich HB,0006,53.77114239960355
Zürich HB,0007,26.0
Zürich HB,0008,54.09289367121599
Zürich HB,0009,25.83937962876799
Zürich HB,0010,54.02383736871174
Zürich HB,0011,57.55139739497926
Zürich HB,0012,59.84068969998316
Zürich HB,0013,28.390959823328544
Zürich HB,0014,28.134742854840077
Zürich HB,0022,62.6137559070443
Zürich HB,0023,69.7173102236757
Zürich HB,0024,66.44843822406061
Zürich HB,0025,33.39532630700674
Zürich HB,0026,58.366316819961234
Zürich HB,0027,33.88979527876217
Zürich HB,0028,82.67126740767951
Zürich HB,0029,38.78866522634303
Zürich HB,0031,25.0
Zürich HB,0033,49.51801041945536
Zürich HB,0034,33.0
Zürich HB,0035,34.0
Zürich HB,0037,37.0
Zürich HB,0038,64.83041823166546
Zürich HB,0039,31.0
Zürich HB,0040,64.4908968917418
Zürich HB,0041,61.06200157029433
Zürich HB,0043,78.72363355276646
Zürich HB,0051,46.11868466625669
Zürich HB,0052,10.0
Zürich HB,0053,16.5
Zürich HB,0054,8.0
Zürich HB,0055,21.0
Zürich HB,0056,18.0
Zürich HB,0057,46.224309210161564
Zürich HB,0058,24.0
Zürich HB,0059,40.697072485522774
Zürich HB,0060,40.377544216765
Zürich HB,0061,21.0
Zürich HB,0062,8.0
Zürich HB,0063,50.06755141790377
Zürich HB,0064,42.570468867918244
Zürich HB,0065,57.66415023564304
Zürich HB,0066,6.307603330237551
Zürich HB,0067,24.0
Zürich HB,0068,41.10602134483124
Zürich HB,0069,7.0
Zürich HB,0070,60.04895555710648
Zürich HB,0071,62.772810297490395
Zürich HB,0072,53.1759553961979
Zürich HB,0081,63.95726885700662
Zürich HB,0082,36.5703879434914
Zürich HB,0083,14.0
Zürich HB,0084,33.63087726560657
Zürich HB,0085,33.49255421984433
Zürich HB,0086,16.0
Zürich HB,0087,34.21048551556291
Zürich HB,0088,53.262477974766526
Zürich HB,0089,13.0
Zürich HB,0090,13.0
Zürich HB,0091,25.5
Zürich HB,0092,11.0
Zürich HB,0093,35.56458141771107
Zürich HB,0094,17.5
Zürich HB,0095,43.03518361032208
Zürich HB,0096,11.0
Zürich HB,0097,8.0
Zürich HB,0098,35.6698314876118
Zürich HB,0099,21.0
Zürich HB,0100,63.6517539671834
Zürich HB,0101,18.0
Zürich HB,0102,50.074016178517724
Zürich HB,0111,43.0
Zürich HB,0112,22.0
Zürich HB,0113,26.0
Zürich HB,0114,39.333333333333336
Zürich HB,0115,49.48402123316212
Zürich HB,0116,73.6798580239551
Zürich HB,0117,22.0
Zürich HB,0118,24.0
Zürich HB,0119,15.0
Zürich HB,0120,32.0
Zürich HB,0121,23.333333333333332
Zürich HB,0131,14.666666666666666
Zürich HB,0135,7.0
Zürich HB,0136,19.0
Zürich HB,0137,8.5
Zürich HB,0138,18.5
Zürich HB,0139,8.0
Zürich HB,0141,7.822980311449415
Zürich HB,0151,12.0
Zürich HB,0152,34.60940719774588
Zürich HB,0153,25.0
Zürich HB,0154,9.0
Zürich HB,0155,17.0
Zürich HB,0156,14.5
Zürich HB,0157,53.33328609171576
Zürich HB,0158,21.0
Zürich HB,0159,16.0
Zürich HB,0160,49.33607940502149
Zürich HB,0161,7.0
Zürich HB,0172,20.0
Zürich HB,0173,74.39410272326296
Zürich HB,0176,14.0
Zürich HB,0177,24.0
Zürich HB,0178,59.16621749003469
Zürich HB,0180,51.56031896140876
Zürich HB,0181,37.0
Zürich HB,0182,64.20202744252076
Zürich HB,0191,8.0
Zürich HB,0192,70.11521714884005
Zürich HB,0193,38.012883555905745
Zürich HB,0194,20.314331287245412
Zürich HB,0195,62.6681579810781
Zürich HB,0196,64.57699448730747
Zürich HB,0197,11.0
Zürich HB,0198,12.5
Zürich HB,0199,35.75279387922133
Zürich HB,0200,36.05195421024526
Zürich HB,0211,57.64992828814272
Zürich HB,0213,49.7064341985093
Zürich HB,0214,55.04390452024401
Zürich HB,0215,51.797061332620224
Zürich HB,0216,28.0
Zürich HB,0218,51.5491045573487
Zürich HB,0219,23.5
Zürich HB,0220,50.34202115880204
Zürich HB,0221,23.0
Zürich HB,0223,43.80974622035238
Zürich HB,0224,22.0
Zürich HB,0225,24.0
Zürich HB,0226,57.56108247412218
Zürich HB,0227,26.0
Zürich HB,0228,35.0
Zürich HB,0230,21.7
Zürich HB,0231,29.666666666666668
Zürich HB,0241,40.6114720253787
Zürich HB,0242,11.839379628767992
Zürich HB,0243,9.506046295434658
Zürich HB,0244,25.176493486553426
Zürich HB,0245,25.498323477862723
Zürich HB,0246,37.99288984653262
Zürich HB,0247,6.765654648947311
Zürich HB,0248,14.0
Zürich HB,0249,18.97695543109531
Zürich HB,0250,8.839379628767992
Zürich HB,0251,30.155293492112676
Zürich HB,0261,0.0
Zürich HB,0261,0.0
Zürich HB,0291,29.0
Zürich HB,0292,43.0
Zürich HB,0293,14.0
Zürich HB,0294,26.0
Zürich HB,0295,14.666666666666666
Zürich HB,0296,14.0
Zürich HB,0297,41.5
Zürich HB,0298,23.0
Zürich HB,0301,71.0
Zürich HB,0302,73.0
Zürich HB,0303,66.0
Zürich HB,0304,74.0
Zürich HB,0305,85.36409660922119
Zürich HB,0306,66.0
Zürich HB,0307,118.99566033751582
Zürich HB,0309,115.09810596056748
Zürich HB,0310,105.0283010382542
Zürich HB,0311,63.0
Zürich HB,0312,113.31871253986827
Zürich HB,0321,43.0
Zürich HB,0322,70.9105987429161
Zürich HB,0323,47.0
Zürich HB,0324,73.87071404075627
Zürich HB,0325,76.60928509638227
Zürich HB,0326,96.84195748933804
Zürich HB,0329,39.25
Zürich HB,0331,41.5
Zürich HB,0332,45.0
Zürich HB,0333,99.51502703725427
Zürich HB,0335,98.87818727850146
Zürich HB,0336,89.1990225043522
Zürich HB,0337,43.71428571428571
Zürich HB,0338,49.0
Zürich HB,0339,77.74416041888284
Zürich HB,0340,67.70945658117395
Zürich HB,0341,57.359385600083435
Zürich HB,0342,65.41648545568121
Zürich HB,0344,81.31471102556772
Zürich HB,0345,47.927117964123745
Zürich HB,0351,56.25160379704859
Zürich HB,0352,64.0
Zürich HB,0353,64.46933452656324
Zürich HB,0354,87.89908179471873
Zürich HB,0355,61.433421978866775
Zürich HB,0356,60.0
Zürich HB,0357,99.96516877727058
Zürich HB,0358,67.0
Zürich HB,0359,71.5
Zürich HB,0360,107.75060295638097
Zürich HB,0361,59.333333333333336
Zürich HB,0362,59.333333333333336
Zürich HB,0363,57.0
Zürich HB,0371,56.666666666666664
Zürich HB,0372,81.89674863616952
Zürich HB,0381,82.1567013565828
Zürich HB,0382,79.6251201255966
Zürich HB,0383,70.0
Zürich HB,0385,93.50658239787117
Zürich HB,0386,66.0
Zürich HB,0387,51.0
Zürich HB,0388,89.72223260429034
Zürich HB,0389,90.4401686077043
Zürich HB,0390,72.5789343651169
Zürich HB,0391,105.55906453752172
Zürich HB,0392,53.0
Zürich HB,0393,99.05306257636165
Zürich HB,0394,119.65939370435689
Zürich HB,0401,56.0
Zürich HB,0402,77.90139834544242
Zürich HB,0403,86.31150253972807
Zürich HB,0404,53.5
Zürich HB,0405,89.5713415142264
Zürich HB,0406,59.0
Zürich HB,0407,94.75068538957132
Zürich HB,0408,101.99016783561001
Zürich HB,0409,57.0
Zürich HB,0410,106.89210216930104
Zürich HB,0411,79.44097531690889
Zürich HB,0412,74.38320717573394
Zürich HB,0413,94.64733387977812
Zürich HB,0414,114.64511304109956
Zürich HB,0415,54.0
Zürich HB,0418,83.90415760223516
Zürich HB,0420,55.0
Zürich HB,0421,65.31160716116824
Zürich HB,0422,65.3637413263681
Zürich HB,0423,105.54456659242707
Zürich HB,0424,48.0
Zürich HB,0431,71.0
Zürich HB,0432,76.0
Zürich HB,0433,74.0
Zürich HB,0434,75.0
Zürich HB,0435,100.5
Zürich HB,0437,101.21327910321307
Zürich HB,0438,112.26894008496294
Zürich HB,0441,86.0
Zürich HB,0442,90.15009149033972
Zürich HB,0443,80.0
Zürich HB,0444,69.0
Zürich HB,0445,83.0
Zürich HB,0446,82.43145794295488
Zürich HB,0448,79.0
Zürich HB,0449,63.0
Zürich HB,0450,67.0
Zürich HB,0491,80.0
Zürich HB,0492,102.26670927597426
Zürich HB,0493,81.0
Zürich HB,0494,100.21898425433065
Zürich HB,0495,76.5
Zürich HB,0496,75.0
Zürich HB,0497,78.0
Zürich HB,0498,72.0
Zürich HB,0499,95.15440155267004
Zürich HB,0500,100.87856675755042
Zürich HB,0501,100.68172884518142
Zürich HB,0502,108.74891093863674
Zürich HB,0533,54.0
Zürich HB,0535,82.61070491752199
Zürich HB,0538,58.0
Zürich HB,0540,63.0
Zürich HB,0541,92.81395979794341
Zürich HB,0543,71.8783769666529
Zürich HB,0544,61.5
Zürich HB,0546,59.0
Zürich HB,0551,63.0
Zürich HB,0552,53.0
Zürich HB,0553,77.78208470610477
Zürich HB,0554,51.0
Zürich HB,0556,69.4912499293898
Zürich HB,0557,94.84197976087958
Zürich HB,0561,165.78612669557128
Zürich HB,0562,141.13369960638803
Zürich HB,0563,82.2000309774782
Zürich HB,0564,152.54301746692983
Zürich HB,0565,96.2000309774782
Zürich HB,0566,123.29871866404348
Zürich HB,0567,77.2000309774782
Zürich HB,0571,145.83917764859288
Zürich HB,0572,154.25054874665798
Zürich HB,0573,94.0
Zürich HB,0574,88.0
Zürich HB,0575,140.92410046118607
Zürich HB,0576,121.2000309774782
Zürich HB,0577,126.2000309774782
Zürich HB,0578,121.70003097747819
Zürich HB,0579,155.25412908763772
Zürich HB,0580,113.4581467875803
Zürich HB,0581,87.2000309774782
Zürich HB,0582,150.2479719208201
Zürich HB,0584,126.34288812033535
Zürich HB,0585,157.97917290863018
Zürich HB,0586,103.2000309774782
Zürich HB,0587,91.2000309774782
Zürich HB,0588,95.2000309774782
Zürich HB,0589,98.10001548873909
Zürich HB,0590,92.2000309774782
Zürich HB,0591,159.04028462480875
Zürich HB,0592,116.05858680473143
Zürich HB,0593,104.51158221667619
Zürich HB,0594,93.2000309774782
Zürich HB,0602,100.75373824585154
Zürich HB,0603,68.0
Zürich HB,0605,73.0
Zürich HB,0606,73.0
Zürich HB,0607,79.72411512241464
Zürich HB,0608,71.0
Zürich HB,0609,94.77202557887681
Zürich HB,0610,86.72501597278377
Zürich HB,0611,68.0
Zürich HB,0612,67.5
Zürich HB,0613,108.76283092781631
Zürich HB,0614,133.56090804711656
Zürich HB,0615,86.66533558612394
Zürich HB,0616,66.0
Zürich HB,0617,88.66569655916267
Zürich HB,0619,71.0
Zürich HB,0620,102.36656647030945
Zürich HB,0622,85.18639273658681
Zürich HB,0623,63.0
Zürich HB,0626,64.0
Zürich HB,0627,71.0
Zürich HB,0628,70.0
Zürich HB,0629,108.06117453101709
Zürich HB,0630,84.89018605360062
Zürich HB,0632,66.0
Zürich HB,0662,66.0
Zürich HB,0663,76.60967876713838
Zürich HB,0665,92.01098859471497
Zürich HB,0666,95.10857435001756
Zürich HB,0667,70.0
Zürich HB,0668,63.0
Zürich HB,0669,79.0
Zürich HB,0670,65.0
Zürich HB,0671,103.12202515553733
Zürich HB,0681,79.00347367941578
Zürich HB,0683,91.55268085614819
Zürich HB,0687,129.87333387556816
Zürich HB,0690,62.831457942954884
Zürich HB,0691,112.16275806393419
Zürich HB,0692,87.28541554488415
Zürich HB,0694,94.39446154396153
Zürich HB,0696,81.22834994364597
Zürich HB,0700,56.831457942954884
Zürich HB,0701,116.61217966888975
Zürich HB,0703,69.83145794295487
Zürich HB,0704,87.67606628508267
Zürich HB,0706,122.62985117360189
Zürich HB,0707,93.41577914861072
Zürich HB,0708,165.78612669557128
Zürich HB,0709,148.03520976143093
Zürich HB,0711,64.83145794295488
Zürich HB,0713,71.83145794295487
Zürich HB,0715,122.6134391388559
Zürich HB,0716,116.53934537133199
Zürich HB,0717,67.33145794295488
Zürich HB,0723,69.0
Zürich HB,0724,144.72301442408997
Zürich HB,0726,104.44054636472396
Zürich HB,0731,69.12577280090538
Zürich HB,0732,80.37791179715536
Zürich HB,0733,60.0
Zürich HB,0734,107.45852448844896
Zürich HB,0735,88.95855237120315
Zürich HB,0736,76.0
Zürich HB,0737,91.43941570347874
Zürich HB,0738,95.8208660139987
Zürich HB,0739,62.5
Zürich HB,0740,76.79897939301902
Zürich HB,0741,101.2146180789277
Zürich HB,0742,70.0
Zürich HB,0743,60.5
Zürich HB,0744,77.74682569184975
Zürich HB,0745,77.9817410527867
Zürich HB,0746,83.16278902637288
Zürich HB,0747,84.48658612529167
Zürich HB,0748,79.97689995820015
Zürich HB,0749,62.0
Zürich HB,0750,66.5
Zürich HB,0751,72.5
Zürich HB,0754,104.37345310716006
Zürich HB,0755,74.56206177315339
Zürich HB,0756,63.5
Zürich HB,0761,89.7000309774782
Zürich HB,0762,80.2000309774782
Zürich HB,0763,85.2000309774782
Zürich HB,0766,94.2000309774782
Zürich HB,0767,111.83862342807377
Zürich HB,0768,72.2000309774782
Zürich HB,0769,75.2000309774782
Zürich HB,0770,143.16135727362223
Zürich HB,0782,165.78612669557128
Zürich HB,0783,118.9582373147343
Zürich HB,0784,90.0
Zürich HB,0785,80.5
Zürich HB,0786,134.13133056545132
Zürich HB,0791,99.2000309774782
Zürich HB,0792,119.7000309774782
Zürich HB,0793,112.86669764414486
Zürich HB,0794,106.9500309774782
Zürich HB,0841,165.78612669557128
Zürich HB,0842,165.78612669557128
Zürich HB,0843,125.80003097747822
Zürich HB,0852,165.78612669557128
Zürich HB,0853,165.78612669557128
Zürich HB,0855,76.33333333333333
Zürich HB,0861,61.26764176753453
Zürich HB,0863,70.76764176753453
Zürich HB,0866,94.50726456181778
Zürich HB,0867,89.73073557658446
Zürich HB,0868,76.43915469396413
Zürich HB,0869,65.76764176753453
Zürich HB,0870,59.26764176753453
Zürich HB,0872,95.50622611798916
Zürich HB,0877,95.04203415397875
Zürich HB,0879,128.0303050977884
Zürich HB,0880,130.265287490948
Zürich HB,0883,72.76764176753453
Zürich HB,0884,63.76764176753453
Zürich HB,0885,69.0
Zürich HB,0886,121.22963446334613
Zürich HB,0888,94.3585686844906
Zürich HB,0889,67.76764176753453
Zürich HB,0901,151.030694575978
Zürich HB,0902,72.0
Zürich HB,0903,71.0
Zürich HB,0904,160.3191843526621
Zürich HB,0905,66.0
Zürich HB,0906,165.78612669557128
Zürich HB,0907,75.0
Zürich HB,0908,121.59839596064451
Zürich HB,0909,73.0
Zürich HB,0921,118.51917249328108
Zürich HB,0922,155.2273164144574
Zürich HB,0923,137.66276827652936
Zürich HB,0924,165.78612669557128
Zürich HB,0925,115.32742170308109
Zürich HB,0927,111.67372993009045
Zürich HB,0928,72.5
Zürich HB,0929,99.24388111520584
Zürich HB,0931,120.60763456566558
Zürich HB,0932,165.78612669557128
Zürich HB,0934,120.47488945159583
Zürich HB,0935,165.78612669557128
Zürich HB,0936,161.44943141292
Zürich HB,0938,150.61218926634115
Zürich HB,0939,70.0
Zürich HB,0940,139.12021307532146
Zürich HB,0941,103.45805151568123
Zürich HB,0942,68.0
Zürich HB,0943,121.97119175021325
Zürich HB,0944,72.0
Zürich HB,0945,151.03145070889593
Zürich HB,0946,165.78612669557128
Zürich HB,0948,105.29724031384387
Zürich HB,0951,69.0
Zürich HB,0952,64.0
Zürich HB,0953,116.31811493382604
Zürich HB,0954,54.0
Zürich HB,0955,62.333333333333336
Zürich HB,0956,104.6072486679199
Zürich HB,0957,73.83333333333333
Zürich HB,0958,99.96902696617146
Zürich HB,0959,84.89751592260218
Zürich HB,0960,97.92344827467613
Zürich HB,0971,49.0
Zürich HB,0972,84.79466520292608
Zürich HB,0973,67.01433712499711
Zürich HB,0975,80.47201202402294
Zürich HB,0976,83.27300525661671
Zürich HB,0977,71.52227425436269
Zürich HB,0979,42.0
Zürich HB,0980,81.46265638939722
Zürich HB,0981,42.0
Zürich HB,0982,58.0703622709061
Zürich HB,0983,43.0
Zürich HB,0985,101.85278942012562
Zürich HB,0987,66.08339351923865
Zürich HB,0988,98.65762713960106
Zürich HB,0989,74.31624140482886
Zürich HB,0990,73.25900794024253
Zürich HB,0991,71.24451858389553
Zürich HB,0992,45.0
Zürich HB,0995,46.0
Zürich HB,1001,83.36828757467964
Zürich HB,1002,54.0
Zürich HB,1004,165.78612669557128
Zürich HB,1005,57.0
Zürich HB,1007,114.71337105184278
Zürich HB,1008,60.0
Zürich HB,1009,42.0
Zürich HB,1010,66.0
Zürich HB,1021,65.4396700715776
Zürich HB,1023,48.0
Zürich HB,1024,38.25
Zürich HB,1025,46.0
Zürich HB,1026,45.0
Zürich HB,1030,47.666666666666664
Zürich HB,1031,52.0
Zürich HB,1032,82.117874263328
Zürich HB,1033,50.03257506889274
Zürich HB,1037,93.97735025102445
Zürich HB,1039,77.34254433703784
Zürich HB,1040,40.0
Zürich HB,1041,94.37099613583264
Zürich HB,1051,53.63327698146082
Zürich HB,1052,38.63721440316235
Zürich HB,1053,39.711223482146856
Zürich HB,1054,26.0
Zürich HB,1055,33.95674250269506
Zürich HB,1056,66.20559468387373
Zürich HB,1058,34.0
Zürich HB,1059,34.0
Zürich HB,1061,34.5
Zürich HB,1062,40.0
Zürich HB,1063,40.5
Zürich HB,1064,54.981157164746996
Zürich HB,1065,23.5
Zürich HB,1066,96.663808197548
Zürich HB,1067,51.460522688659644
Zürich HB,1068,99.56926119561348
Zürich HB,1069,90.17624191600213
Zürich HB,1081,99.21582704322688
Zürich HB,1082,95.41273686088802
Zürich HB,1083,98.9874126101073
Zürich HB,1084,77.05445166627172
Zürich HB,1085,92.6130971972559
Zürich HB,1086,108.56700469305973
Zürich HB,1088,97.3548371890474
Zürich HB,1089,47.0
Zürich HB,1091,56.88580460844734
Zürich HB,1093,44.0
Zürich HB,1094,47.0
Zürich HB,1095,47.0
Zürich HB,1097,92.11554629322126
Zürich HB,1098,45.0
Zürich HB,1099,80.52537312199506
Zürich HB,1100,120.9865517877279
Zürich HB,1102,76.3166851047931
Zürich HB,1103,45.0
Zürich HB,1104,122.61823709124356
Zürich HB,1107,47.5
Zürich HB,1121,82.90717430502292
Zürich HB,1122,107.71373988933942
Zürich HB,1123,69.93317042036358
Zürich HB,1125,39.0
Zürich HB,1127,63.1289191433879
Zürich HB,1128,85.73108061824416
Zürich HB,1129,84.50459599782354
Zürich HB,1131,104.18045889399573
Zürich HB,1132,137.63221793587252
Zürich HB,1135,147.24313382218196
Zürich HB,1136,52.0
Zürich HB,1137,41.0
Zürich HB,1139,102.36621347055944
Zürich HB,1140,37.0
Zürich HB,1142,88.80391482820602
Zürich HB,1143,76.03901630832124
Zürich HB,1145,92.89759708716561
Zürich HB,1146,44.0
Zürich HB,1147,36.0
Zürich HB,1150,58.0
Zürich HB,1151,58.5
Zürich HB,1201,48.103365453917725
Zürich HB,1202,95.43669878725106
Zürich HB,1203,165.78612669557128
Zürich HB,1205,107.54627205827943
Zürich HB,1206,53.103365453917725
Zürich HB,1207,46.103365453917725
Zürich HB,1208,78.10336545391773
Zürich HB,1209,165.78612669557128
Zürich HB,1210,90.10336545391773
Zürich HB,1211,137.2276452370148
Zürich HB,1212,155.85336545391772
Zürich HB,1213,95.36203888254767
Zürich HB,1214,76.6248858390324
Zürich HB,1215,81.02362462765761
Zürich HB,1216,164.55635675099563
Zürich HB,1217,42.103365453917725
Zürich HB,1218,162.03738534893245
Zürich HB,1219,165.78612669557128
Zürich HB,1220,165.78612669557128
Zürich HB,1301,26.917136069127675
Zürich HB,1311,98.70226408610381
Zürich HB,1321,22.458568034563836
Zürich HB,1322,22.714285714285715
Zürich HB,1323,24.0
Zürich HB,1331,41.333333333333336
Zürich HB,1341,23.0
Zürich HB,1342,58.90040361173924
Zürich HB,1343,165.48016464801347
Zürich HB,1344,25.0
Zürich HB,1345,31.0
Zürich HB,1346,29.0
Zürich HB,1347,60.95663478049072
Zürich HB,1348,103.51403547393399
Zürich HB,1349,27.0
Zürich HB,1361,93.60005294665861
Zürich HB,1362,32.0
Zürich HB,1363,140.03349998331765
Zürich HB,1364,40.0
Zürich HB,1365,67.2286381936002
Zürich HB,1366,81.71556125196311
Zürich HB,1367,165.78612669557128
Zürich HB,1368,153.29435528378465
Zürich HB,1369,121.32306781159585
Zürich HB,1370,28.917136069127675
Zürich HB,1371,34.91713606912767
Zürich HB,1372,38.0
Zürich HB,1373,36.0
Zürich HB,1374,35.0
Zürich HB,1375,165.78612669557128
Zürich HB,1401,41.5
Zürich HB,1402,60.5
Zürich HB,1403,52.0
Zürich HB,1404,115.64950442432585
Zürich HB,1405,59.5
Zürich HB,1406,49.0
Zürich HB,1407,45.5
Zürich HB,1501,108.52199542320552
Zürich HB,1502,96.46495488374333
Zürich HB,1503,47.0
Zürich HB,1504,129.74448933478112
Zürich HB,1505,112.1221146355653
Zürich HB,1506,77.022039750315
Zürich HB,1507,36.5
Zürich HB,1508,62.265704783801006
Zürich HB,1509,43.0
Zürich HB,1510,40.0
Zürich HB,1511,49.0
Zürich HB,1630,37.4
Zürich HB,1631,57.0
Zürich HB,1632,44.333333333333336
Zürich HB,1701,16.0
Zürich HB,1702,19.146740826685978
Zürich HB,1703,20.146740826685978
Zürich HB,1704,75.1927331044486
Zürich HB,1705,64.68418462149013
Zürich HB,1706,66.63892843680775
Zürich HB,1707,20.0
Zürich HB,1708,21.0
Zürich HB,1709,83.75325163066945
Zürich HB,1710,29.5
Zürich HB,1711,19.42857142857143
Zürich HB,2008,123.15424402884997
Zürich HB,2011,97.0
Zürich HB,2016,130.34316858189217
Zürich HB,2022,165.78612669557128
Zürich HB,2025,130.57040320101257
Zürich HB,2027,135.77198590769473
Zürich HB,2029,90.0
Zürich HB,2035,163.56188171316091
Zürich HB,2038,152.79692557160243
Zürich HB,2041,125.85610874643902
Zürich HB,2043,130.51524974501092
Zürich HB,2044,126.84751623581094
Zürich HB,2045,135.3376234459507
Zürich HB,2050,134.23972874077228
Zürich HB,2051,156.9091967733496
Zürich HB,2053,86.33333333333333
Zürich HB,2054,101.0
Zürich HB,2055,102.0
Zürich HB,2063,107.66634929390449
Zürich HB,2067,156.7476255922481
Zürich HB,2068,126.92440184650826
Zürich HB,2079,150.46254127582384
Zürich HB,2086,119.95647044681137
Zürich HB,2087,107.45328344690536
Zürich HB,2096,86.13708305347103
Zürich HB,2097,106.37880727429892
Zürich HB,2099,143.14661698489812
Zürich HB,2102,92.13708305347103
Zürich HB,2113,142.66957488217002
Zürich HB,2114,123.32898704140496
Zürich HB,2115,133.1010680819441
Zürich HB,2117,86.13708305347103
Zürich HB,2121,124.99422591061389
Zürich HB,2122,165.78612669557128
Zürich HB,2123,135.6040449742931
Zürich HB,2124,111.13708305347103
Zürich HB,2125,104.47041638680437
Zürich HB,2128,138.76147978399294
Zürich HB,2129,165.78612669557128
Zürich HB,2130,149.70249017660282
Zürich HB,2131,147.44637576045136
Zürich HB,2134,153.88318890617316
Zürich HB,2135,108.13708305347103
Zürich HB,2137,165.78612669557128
Zürich HB,2138,165.78612669557128
Zürich HB,2140,161.0525503647057
Zürich HB,2143,133.0126163603709
Zürich HB,2145,106.13708305347103
Zürich HB,2147,165.78612669557128
Zürich HB,2148,130.36740059865255
Zürich HB,2149,165.78612669557128
Zürich HB,2152,131.4211891913307
Zürich HB,2153,165.78612669557128
Zürich HB,2155,108.13708305347103
Zürich HB,2160,105.13708305347103
Zürich HB,2162,112.63708305347103
Zürich HB,2163,165.78612669557128
Zürich HB,2173,94.5804194630653
Zürich HB,2174,77.13708305347103
Zürich HB,2175,78.5
Zürich HB,2177,83.13708305347103
Zürich HB,2183,101.34861506673755
Zürich HB,2186,81.13708305347103
Zürich HB,2194,144.3566776878508
Zürich HB,2196,72.5
Zürich HB,2197,77.0
Zürich HB,2198,81.3692460643881
Zürich HB,2206,107.41676360962478
Zürich HB,2208,96.84024831080836
Zürich HB,2211,79.13708305347103
Zürich HB,2216,119.1121435389447
Zürich HB,2220,165.78612669557128
Zürich HB,2226,165.78612669557128
Zürich HB,2228,74.13708305347103
Zürich HB,2230,133.21569189008682
Zürich HB,2233,109.88451001246773
Zürich HB,2234,105.82471694985267
Zürich HB,2235,96.76277029614913
Zürich HB,2236,130.3781911053667
Zürich HB,2237,120.44442875751889
Zürich HB,2238,123.9156153012823
Zürich HB,2239,83.0
Zürich HB,2250,91.74862350942317
Zürich HB,2254,84.0
Zürich HB,2257,83.0
Zürich HB,2258,72.0
Zürich HB,2261,96.98356460399116
Zürich HB,2262,102.53736245965646
Zürich HB,2265,70.0
Zürich HB,2266,108.77920174958494
Zürich HB,2271,92.32274371577684
Zürich HB,2272,122.95973372006192
Zürich HB,2274,82.67573417611752
Zürich HB,2275,74.0
Zürich HB,2276,88.58189453170394
Zürich HB,2278,101.9952977757095
Zürich HB,2284,78.0
Zürich HB,2292,165.78612669557128
Zürich HB,2293,69.0
Zürich HB,2294,165.78612669557128
Zürich HB,2295,95.82590398296112
Zürich HB,2296,113.3069517789988
Zürich HB,2299,165.78612669557128
Zürich HB,2300,165.78612669557128
Zürich HB,2301,165.78612669557128
Zürich HB,2303,165.78612669557128
Zürich HB,2304,147.17440600705748
Zürich HB,2305,67.0
Zürich HB,2306,138.25479377017805
Zürich HB,2307,136.31912139618728
Zürich HB,2308,84.50475799229567
Zürich HB,2309,63.333333333333336
Zürich HB,2321,110.98883287998193
Zürich HB,2323,100.37880727429892
Zürich HB,2325,105.37880727429892
Zürich HB,2328,120.26703422617695
Zürich HB,2333,103.37880727429892
Zürich HB,2335,133.34561701437042
Zürich HB,2336,112.37880727429892
Zürich HB,2337,124.03396843101395
Zürich HB,2338,124.6562169413167
Zürich HB,2391,114.47759083113013
Zürich HB,2401,36.0
Zürich HB,2402,61.22073578188554
Zürich HB,2403,75.12763165900809
Zürich HB,2404,59.649750797960415
Zürich HB,2405,61.25049073299542
Zürich HB,2406,38.0
Zürich HB,2407,39.0
Zürich HB,2408,66.82913938351055
Zürich HB,2421,116.48151236289698
Zürich HB,2422,45.0
Zürich HB,2424,126.2734263523734
Zürich HB,2425,76.69533867662359
Zürich HB,2426,70.47915410936452
Zürich HB,2427,94.15020335041238
Zürich HB,2428,93.34838653430342
Zürich HB,2430,96.13423894060278
Zürich HB,2445,129.23286044278348
Zürich HB,2455,68.73214436652192
Zürich HB,2457,116.83953966172677
Zürich HB,2461,112.32240391195212
Zürich HB,2463,96.89568628559893
Zürich HB,2464,73.07777449320223
Zürich HB,2465,114.56102726693746
Zürich HB,2471,142.76021666773016
Zürich HB,2472,116.44883686293373
Zürich HB,2473,53.152330752795365
Zürich HB,2474,94.19228426521974
Zürich HB,2475,90.41697345424652
Zürich HB,2476,118.49286292565395
Zürich HB,2477,132.10066085085964
Zürich HB,2478,81.18462287367332
Zürich HB,2479,165.1499549965054
Zürich HB,2480,111.84203271451021
Zürich HB,2481,133.12883150756386
Zürich HB,2491,65.41036384684858
Zürich HB,2492,103.57614178501778
Zürich HB,2493,71.79716933350446
Zürich HB,2495,39.014532781258595
Zürich HB,2497,41.42957863109537
Zürich HB,2499,70.3946079221054
Zürich HB,2500,32.0
Zürich HB,2501,54.27205307493138
Zürich HB,2502,66.26363368630217
Zürich HB,2503,61.945993236543316
Zürich HB,2511,81.2936343632138
Zürich HB,2513,46.5
Zürich HB,2514,76.6243224680982
Zürich HB,2516,47.0
Zürich HB,2517,73.47804771322023
Zürich HB,2518,88.42513168846963
Zürich HB,2519,49.0
Zürich HB,2520,91.04516636743365
Zürich HB,2523,96.58149796545185
Zürich HB,2524,95.7574384422
Zürich HB,2525,74.92949985633615
Zürich HB,2526,50.0
Zürich HB,2527,45.0
Zürich HB,2528,70.39786500631625
Zürich HB,2529,83.26254124966025
Zürich HB,2530,86.12877775956717
Zürich HB,2532,72.54058512124261
Zürich HB,2534,54.504704389487365
Zürich HB,2535,114.22676450098315
Zürich HB,2541,94.52328131819446
Zürich HB,2542,46.0
Zürich HB,2543,50.0
Zürich HB,2544,47.5
Zürich HB,2545,51.0
Zürich HB,2546,50.415728971477435
Zürich HB,2547,88.91917153702289
Zürich HB,2548,61.48223128091175
Zürich HB,2549,74.7351908209562
Zürich HB,2550,46.0
Zürich HB,2551,50.5
Zürich HB,2553,53.0
Zürich HB,2554,49.5
Zürich HB,2555,71.87003129996542
Zürich HB,2556,48.0
Zürich HB,2571,59.722573693554914
Zürich HB,2572,26.0
Zürich HB,2573,28.0
Zürich HB,2574,41.85785402862188
Zürich HB,2575,57.86197439400157
Zürich HB,2576,45.964429955459835
Zürich HB,2578,59.43056990324245
Zürich HB,2579,33.0
Zürich HB,2580,48.631889904988455
Zürich HB,2581,29.0
Zürich HB,2582,45.17926423501594
Zürich HB,2583,24.0
Zürich HB,2584,48.29698161465844
Zürich HB,2585,50.114173919063575
Zürich HB,2586,32.0
Zürich HB,2601,44.4
Zürich HB,2611,119.85591748615309
Zürich HB,2612,150.76989431694022
Zürich HB,2613,107.36555619393165
Zürich HB,2614,121.07165433023043
Zürich HB,2615,137.57506064724856
Zürich HB,2616,116.71636590479345
Zürich HB,2617,117.40741688846883
Zürich HB,2618,80.72941085809951
Zürich HB,2619,140.90663044366943
Zürich HB,2620,138.64661305914038
Zürich HB,2621,129.0996938156784
Zürich HB,2622,129.10658865851897
Zürich HB,2701,50.152330752795365
Zürich HB,2702,77.12386476374591
Zürich HB,2703,55.152330752795365
Zürich HB,2761,55.152330752795365
Zürich HB,2762,96.41641716800814
Zürich HB,2763,71.67874382154565
Zürich HB,2764,126.11864708415975
Zürich HB,2765,71.81195335000761
Zürich HB,2766,65.43142823052871
Zürich HB,2767,85.36248977814822
Zürich HB,2768,109.15271789869134
Zürich HB,2769,51.152330752795365
Zürich HB,2770,45.40751245646916
Zürich HB,2771,101.94726353243725
Zürich HB,2772,77.94190023617386
Zürich HB,2773,73.25812080381242
Zürich HB,2774,125.76488972087401
Zürich HB,2775,103.67438747740404
Zürich HB,2781,87.47975227701563
Zürich HB,2782,80.33286348220987
Zürich HB,2783,136.14231615995132
Zürich HB,2784,94.06503824709853
Zürich HB,2785,57.152330752795365
Zürich HB,2786,57.753932641715124
Zürich HB,2787,63.753932641715124
Zürich HB,2788,144.9558667772189
Zürich HB,2789,86.79367747424679
Zürich HB,2790,154.1633258038141
Zürich HB,2791,101.2513066820851
Zürich HB,2792,92.21812187922802
Zürich HB,2793,61.753932641715124
Zürich HB,2821,86.2227799244917
Zürich HB,2822,53.772413926501265
Zürich HB,2823,80.41067163967888
Zürich HB,2824,43.40751245646916
Zürich HB,2825,61.351548583842465
Zürich HB,2826,68.23998093111074
Zürich HB,2827,71.69808600316632
Zürich HB,2828,39.40751245646916
Zürich HB,2829,41.40751245646916
Zürich HB,2830,107.8093737492771
Zürich HB,2831,46.40751245646916
Zürich HB,2832,68.09704616265222
Zürich HB,2833,76.82917530274594
Zürich HB,2834,112.89664341164571
Zürich HB,2841,82.48204915188745
Zürich HB,2842,47.061668849415
Zürich HB,2843,39.0
Zürich HB,2844,91.17371247499449
Zürich HB,2845,39.40751245646916
Zürich HB,2846,37.90751245646916
Zürich HB,2847,58.13899806115295
Zürich HB,2848,85.51948671954368
Zürich HB,2849,38.40751245646916
Zürich HB,2850,52.03008898707843
Zürich HB,2851,59.7273513962832
Zürich HB,2852,37.0
Zürich HB,2853,99.49960537659929
Zürich HB,2854,73.47702091040834
Zürich HB,2855,81.55401805803471
Zürich HB,2856,60.39642076964578
Zürich HB,2857,61.95480589159827
Zürich HB,2858,72.52096475265566
Zürich HB,2859,41.0
Zürich HB,2860,53.91109149378239
Zürich HB,2861,36.40751245646916
Zürich HB,2862,33.0
Zürich HB,2863,66.36676023283316
Zürich HB,2864,47.07564038624613
Zürich HB,2865,56.274564963513356
Zürich HB,2866,81.39503253142004
Zürich HB,2867,49.96323998536522
Zürich HB,2868,82.86111847697111
Zürich HB,2869,66.72912203660286
Zürich HB,2881,120.1208163662058
Zürich HB,2882,101.50279490243805
Zürich HB,2883,139.7713317259007
Zürich HB,2884,72.57133353269899
Zürich HB,2885,76.49193482084688
Zürich HB,2886,91.8841379524863
Zürich HB,2887,95.67805541480519
Zürich HB,2888,101.03198100914966
Zürich HB,2889,139.15551054405245
Zürich HB,2890,146.70979583692872
Zürich HB,2891,116.54762699364893
Zürich HB,2892,129.5078863088432
Zürich HB,2893,151.22279338067887
Zürich HB,2894,138.7780613350499
Zürich HB,2895,138.67368809925702
Zürich HB,2901,79.17149069436255
Zürich HB,2903,62.33338329270272
Zürich HB,2904,39.88979527876217
Zürich HB,2914,83.25346863253107
Zürich HB,2915,65.13411165138675
Zürich HB,2917,68.3008136641398
Zürich HB,2919,61.146291674085305
Zürich HB,2920,36.88979527876217
Zürich HB,2931,152.2737263506717
Zürich HB,2932,36.38979527876217
Zürich HB,2933,50.37670187817058
Zürich HB,2936,117.86423227769154
Zürich HB,2937,31.963265092920725
Zürich HB,2938,58.28567998002468
Zürich HB,2939,32.38979527876217
Zürich HB,2951,131.7417353030927
Zürich HB,2952,106.383110117017
Zürich HB,2953,90.41404330153978
Zürich HB,2961,68.0220640676242
Zürich HB,2962,88.62707836669072
Zürich HB,2963,94.61630514864758
Zürich HB,2964,50.88979527876217
Zürich HB,2971,89.56924405703914
Zürich HB,2972,75.76255528424149
Zürich HB,2973,43.88979527876217
Zürich HB,2974,41.88979527876217
Zürich HB,3001,53.54641907627968
Zürich HB,3002,86.01371735344722
Zürich HB,3003,113.06783392967911
Zürich HB,3004,90.77497650466012
Zürich HB,3005,76.05676254386104
Zürich HB,3006,64.88489131426665
Zürich HB,3007,57.884891314266646
Zürich HB,3021,61.333333333333336
Zürich HB,3022,68.90476190476191
Zürich HB,3023,63.75
Zürich HB,3024,54.333333333333336
Zürich HB,3025,69.0
Zürich HB,3031,96.94552636379171
Zürich HB,3032,69.65078593641789
Zürich HB,3033,65.15078593641789
Zürich HB,3034,97.36846175384842
Zürich HB,3035,101.59595278127189
Zürich HB,3036,99.52911694909209
Zürich HB,3037,70.81745260308456
Zürich HB,3038,90.30189386203341
Zürich HB,3101,73.33333333333333
Zürich HB,3102,72.88489131426665
Zürich HB,3104,78.25294178305047
Zürich HB,3111,114.85666789416274
Zürich HB,3112,80.53333333333333
Zürich HB,3201,78.8057833446859
Zürich HB,3202,53.38475978900638
Zürich HB,3203,51.09645399217573
Zürich HB,3204,51.81745260308456
Zürich HB,3211,68.33888043474275
Zürich HB,3212,91.74461254871873
Zürich HB,3213,56.81745260308456
Zürich HB,3214,52.81745260308456
Zürich HB,3215,60.006554998391834
Zürich HB,3216,61.984119269751226
Zürich HB,3217,56.38475978900638
Zürich HB,3218,72.59148798124069
Zürich HB,3219,85.36217343787258
Zürich HB,3231,68.31745260308456
Zürich HB,3232,93.48783908947931
Zürich HB,3233,95.01008839693773
Zürich HB,3234,108.0619180022254
Zürich HB,3235,64.81745260308456
Zürich HB,3236,65.31745260308456
Zürich HB,3237,62.484119269751226
Zürich HB,3238,83.5685690317587
Zürich HB,3251,79.73515740343039
Zürich HB,3252,92.16730521788585
Zürich HB,3253,84.96805362376672
Zürich HB,3254,70.34245368381865
Zürich HB,3255,72.81745260308456
Zürich HB,3256,65.34245368381865
Zürich HB,3271,57.342453683818654
Zürich HB,3272,128.84056322223725
Zürich HB,3273,134.6429709383794
Zürich HB,3274,62.342453683818654
Zürich HB,3275,55.342453683818654
Zürich HB,3276,112.84610196207463
Zürich HB,3291,53.342453683818654
Zürich HB,3292,45.66853943306445
Zürich HB,3293,48.342453683818654
Zürich HB,3294,165.78612669557128
Zürich HB,3295,42.0
Zürich HB,3296,49.342453683818654
Zürich HB,3297,107.14337300854528
Zürich HB,3298,43.66853943306445
Zürich HB,3311,90.54257156655811
Zürich HB,3312,38.0
Zürich HB,3313,39.0
Zürich HB,3315,36.5
Zürich HB,3316,57.444060887721264
Zürich HB,3338,33.0
Zürich HB,3339,36.0
Zürich HB,3340,27.25
Zürich HB,3341,71.77146158684484
Zürich HB,3342,102.50590578558844
Zürich HB,3352,49.0
Zürich HB,3359,145.83253032565622
Zürich HB,3360,56.5
Zürich HB,3374,58.216393987039645
Zürich HB,3379,45.5
Zürich HB,3392,39.0
Zürich HB,3393,43.0
Zürich HB,3394,108.11682350173734
Zürich HB,3395,47.0
Zürich HB,3396,48.54179895173752
Zürich HB,3401,51.54179895173752
Zürich HB,3402,41.884891314266646
Zürich HB,3405,70.40875150042103
Zürich HB,3407,65.15222684945475
Zürich HB,3408,40.0
Zürich HB,3422,89.75826700155118
Zürich HB,3423,105.1741985046317
Zürich HB,3424,75.384715612731
Zürich HB,3426,91.65916802530583
Zürich HB,3427,36.333333333333336
Zürich HB,3441,73.72883337070432
Zürich HB,3442,73.76534924718933
Zürich HB,3443,46.884891314266646
Zürich HB,3444,103.28950365942416
Zürich HB,3506,165.78612669557128
Zürich HB,3513,161.21162923676337
Zürich HB,3514,120.34245368381865
Zürich HB,3542,112.67578701715199
Zürich HB,3543,165.78612669557128
Zürich HB,3544,131.00912035048532
Zürich HB,3551,232.67578701715198
Zürich HB,3561,197.46745368381866
Zürich HB,3572,159.60955372014303
Zürich HB,3575,161.34077964838016
Zürich HB,3581,95.23584238742772
Zürich HB,3582,105.96826742408041
Zürich HB,3603,165.78612669557128
Zürich HB,3618,165.78612669557128
Zürich HB,3619,91.34245368381865
Zürich HB,3633,99.41498198480777
Zürich HB,3637,94.62886595465959
Zürich HB,3638,126.06792485153183
Zürich HB,3640,118.73735406057092
Zürich HB,3661,83.00912035048532
Zürich HB,3662,124.86057488545863
Zürich HB,3663,104.19949787938076
Zürich HB,3668,88.34245368381865
Zürich HB,3669,165.78612669557128
Zürich HB,3670,128.4995801707184
Zürich HB,3672,82.34245368381865
Zürich HB,3673,122.86474840271624
Zürich HB,3681,165.78612669557128
Zürich HB,3695,165.78612669557128
Zürich HB,3701,165.78612669557128
Zürich HB,3711,121.63213284612753
Zürich HB,3712,159.2295840689264
Zürich HB,3713,165.78612669557128
Zürich HB,3714,165.78612669557128
Zürich HB,3715,165.78612669557128
Zürich HB,3721,74.34245368381865
Zürich HB,3722,68.59245368381865
Zürich HB,3723,75.34245368381865
Zürich HB,3731,92.27770137526397
Zürich HB,3732,158.7523623266253
Zürich HB,3733,110.72390503068618
Zürich HB,3734,75.34245368381865
Zürich HB,3746,107.09245368381865
Zürich HB,3752,165.78612669557128
Zürich HB,3762,117.84245368381865
Zürich HB,3764,165.78612669557128
Zürich HB,3781,136.84245368381866
Zürich HB,3782,141.67578701715198
Zürich HB,3783,128.34245368381866
Zürich HB,3784,152.17578701715198
Zürich HB,3785,130.34245368381866
Zürich HB,3786,136.34245368381866
Zürich HB,3787,140.34245368381866
Zürich HB,3788,122.84245368381865
Zürich HB,3789,165.78612669557128
Zürich HB,3790,165.78612669557128
Zürich HB,3791,126.34245368381865
Zürich HB,3792,165.78612669557128
Zürich HB,3804,165.78612669557128
Zürich HB,3805,165.78612669557128
Zürich HB,3808,165.78612669557128
Zürich HB,3810,165.78612669557128
Zürich HB,3821,165.78612669557128
Zürich HB,3822,165.78612669557128
Zürich HB,3823,165.78612669557128
Zürich HB,3831,165.78612669557128
Zürich HB,3832,165.78612669557128
Zürich HB,3834,163.55680940366102
Zürich HB,3835,150.98680346426835
Zürich HB,3837,165.78612669557128
Zürich HB,3847,165.78612669557128
Zürich HB,3851,113.59245368381865
Zürich HB,3861,71.34245368381865
Zürich HB,3862,116.96155855823561
Zürich HB,3863,68.84245368381865
Zürich HB,3871,87.34245368381865
Zürich HB,3881,117.24840006353135
Zürich HB,3882,74.34245368381865
Zürich HB,3891,154.87043953525907
Zürich HB,3901,64.34245368381865
Zürich HB,3911,134.16844985233374
Zürich HB,3921,96.00912035048532
Zürich HB,3945,62.342453683818654
Zürich HB,3946,96.1141078330392
Zürich HB,3947,60.342453683818654
Zürich HB,3951,90.11129430651596
Zürich HB,3952,87.43650393010564
Zürich HB,3953,54.342453683818654
Zürich HB,3954,57.342453683818654
Zürich HB,3955,57.00912035048532
Zürich HB,3961,63.342453683818654
Zürich HB,3962,65.34245368381865
Zürich HB,3972,61.342453683818654
Zürich HB,3981,100.34245368381865
Zürich HB,3982,127.28268162634342
Zürich HB,3983,165.78612669557128
Zürich HB,3985,112.84245368381865
Zürich HB,3986,120.30336545391772
Zürich HB,3987,108.34245368381865
Zürich HB,3988,143.6688683028591
Zürich HB,4001,23.25
Zürich HB,4002,61.45417990221036
Zürich HB,4003,24.0
Zürich HB,4004,95.71337884551964
Zürich HB,4005,67.29834009067132
Zürich HB,4006,30.25
Zürich HB,4007,39.0
Zürich HB,4008,57.93177146439028
Zürich HB,4009,34.5
Zürich HB,4010,29.666666666666668
Zürich HB,4012,26.0
Zürich HB,4013,26.5
Zürich HB,4021,15.0
Zürich HB,4022,54.17870593106213
Zürich HB,4023,24.251714057880427
Zürich HB,4024,47.58545162890708
Zürich HB,4026,31.614893913607162
Zürich HB,4027,31.684320677271508
Zürich HB,4028,44.76770587157857
Zürich HB,4029,27.120240568882686
Zürich HB,4030,9.999420479106632
Zürich HB,4031,61.848048796795844
Zürich HB,4032,16.83937962876799
Zürich HB,4033,14.839379628767992
Zürich HB,4034,11.839379628767992
Zürich HB,4035,38.11941307070346
Zürich HB,4037,43.61811423916845
Zürich HB,4038,46.854816787384785
Zürich HB,4039,47.62627345263423
Zürich HB,4040,30.93702588767313
Zürich HB,4041,63.860787061054204
Zürich HB,4044,33.31337034083255
Zürich HB,4045,13.738148697558936
Zürich HB,4046,33.26070206451179
Zürich HB,4047,18.259390464504484
Zürich HB,4048,16.738148697558938
Zürich HB,4049,56.61724925675877
Zürich HB,4061,52.41410468221012
Zürich HB,4062,18.83937962876799
Zürich HB,4063,27.67150370301439
Zürich HB,4064,49.00142191969889
Zürich HB,4065,33.97863297339966
Zürich HB,4066,34.43740843602229
Zürich HB,4067,48.89930369206215
Zürich HB,4068,51.910347477976465
Zürich HB,4071,60.8484151801922
Zürich HB,4072,67.82995417141004
Zürich HB,4073,65.40589585080203
Zürich HB,4074,48.504854677840676
Zürich HB,4075,16.33937962876799
Zürich HB,4076,74.43745826583594
Zürich HB,4077,54.18658335510116
Zürich HB,4078,61.144249824002664
Zürich HB,4079,69.99890305869828
Zürich HB,4080,22.0
Zürich HB,4081,20.83937962876799
Zürich HB,4082,23.0
Zürich HB,4083,22.172712962101325
Zürich HB,4084,40.5871271130357
Zürich HB,4091,41.40385864189
Zürich HB,4092,20.83937962876799
Zürich HB,4093,41.950831355028654
Zürich HB,4095,20.340270071922244
Zürich HB,4099,43.95658746379738
Zürich HB,4100,42.517404275224834
Zürich HB,4104,21.340270071922244
Zürich HB,4105,81.04192526216775
Zürich HB,4106,100.29567902149822
Zürich HB,4107,46.48518604237018
Zürich HB,4110,73.66057157736762
Zürich HB,4111,46.06342207697474
Zürich HB,4112,47.749416708629106
Zürich HB,4117,79.35541801409623
Zürich HB,4120,43.43015112645793
Zürich HB,4121,52.38943570192694
Zürich HB,4122,49.07676747529411
Zürich HB,4123,27.715283308603553
Zürich HB,4124,70.60791436973291
Zürich HB,4125,49.445150647690255
Zürich HB,4131,40.0
Zürich HB,4132,36.0
Zürich HB,4134,55.22685285404843
Zürich HB,4135,45.0
Zürich HB,4136,46.21872715900534
Zürich HB,4137,49.0
Zürich HB,4138,45.07779030966335
Zürich HB,4139,57.333333333333336
Zürich HB,4140,40.0
Zürich HB,4141,53.55555555555556
Zürich HB,4142,69.2419430114658
Zürich HB,4143,86.27734938472985
Zürich HB,4144,41.0
Zürich HB,4145,35.0
Zürich HB,4146,37.5
Zürich HB,4147,47.0
Zürich HB,4161,35.34027007192224
Zürich HB,4163,32.34027007192224
Zürich HB,4164,125.10391282323663
Zürich HB,4165,56.68281993233209
Zürich HB,4169,82.6268384883081
Zürich HB,4170,44.34027007192224
Zürich HB,4172,51.538067890456944
Zürich HB,4173,98.15006345222926
Zürich HB,4175,55.93515991683546
Zürich HB,4176,77.22895734531984
Zürich HB,4177,60.582607773387274
Zürich HB,4181,93.95847819307242
Zürich HB,4182,90.99581449317823
Zürich HB,4183,97.97070307673117
Zürich HB,4184,107.07782474556441
Zürich HB,4185,100.42250846623348
Zürich HB,4186,78.93501866342743
Zürich HB,4191,51.17057315130715
Zürich HB,4192,31.0
Zürich HB,4193,34.24402330241869
Zürich HB,4194,41.84740224390095
Zürich HB,4195,51.74366974832373
Zürich HB,4196,76.52880262627009
Zürich HB,4197,28.0
Zürich HB,4198,20.83937962876799
Zürich HB,4199,24.340270071922244
Zürich HB,4200,21.0
Zürich HB,4201,18.0
Zürich HB,4202,60.34806786108398
Zürich HB,4203,24.0
Zürich HB,4204,38.87661833646349
Zürich HB,4205,18.83937962876799
Zürich HB,4206,21.0
Zürich HB,4207,42.782974970120534
Zürich HB,4208,59.213627463439195
Zürich HB,4209,24.0
Zürich HB,4210,32.48647229584563
Zürich HB,4221,88.73724906558154
Zürich HB,4222,60.10949062789009
Zürich HB,4223,50.454791635147686
Zürich HB,4224,67.26703628626039
Zürich HB,4226,53.501762737879694
Zürich HB,4227,71.1354422723763
Zürich HB,4228,26.0
Zürich HB,4229,46.5488608135959
Zürich HB,4230,59.39571634153183
Zürich HB,4231,45.912404511724006
Zürich HB,4232,67.18637712805061
Zürich HB,4233,45.53719742211258
Zürich HB,4234,31.0
Zürich HB,4235,29.0
Zürich HB,4236,28.0
Zürich HB,4237,23.0
Zürich HB,4238,71.11217473259858
Zürich HB,4239,26.0
Zürich HB,4240,24.0
Zürich HB,4251,92.82971614698255
Zürich HB,4252,48.34027007192224
Zürich HB,4253,92.51626446753468
Zürich HB,4254,43.34027007192224
Zürich HB,4255,39.34027007192224
Zürich HB,4256,57.60584826215981
Zürich HB,4257,79.74347440418869
Zürich HB,4258,45.34027007192224
Zürich HB,4259,74.46703095768467
Zürich HB,4260,37.34027007192224
Zürich HB,4261,86.40763519430972
Zürich HB,4262,99.0816468559758
Zürich HB,4263,71.06916063088096
Zürich HB,4264,72.03337791684875
Zürich HB,4271,31.0
Zürich HB,4273,87.56962982650839
Zürich HB,4274,65.28438796432106
Zürich HB,4275,82.16365164369019
Zürich HB,4276,33.0
Zürich HB,4277,94.57051838774397
Zürich HB,4279,38.0
Zürich HB,4280,37.5
Zürich HB,4281,100.29228285560475
Zürich HB,4282,34.0
Zürich HB,4283,38.0
Zürich HB,4284,71.91732344423023
Zürich HB,4285,55.09479371568297
Zürich HB,4286,62.73200504205283
Zürich HB,4287,81.41776552226213
Zürich HB,4288,89.34191891645486
Zürich HB,4289,34.0
Zürich HB,4303,49.16141038717976
Zürich HB,4304,23.259390464504484
Zürich HB,4305,65.72554122949884
Zürich HB,4306,49.46514306062877
Zürich HB,4307,53.23608639342271
Zürich HB,4309,24.259390464504484
Zürich HB,4310,29.259390464504484
Zürich HB,4311,86.38869840165809
Zürich HB,4312,70.36755492542922
Zürich HB,4313,49.53477247975161
Zürich HB,4314,35.0
Zürich HB,4318,49.67671855853356
Zürich HB,4319,65.76976016171145
Zürich HB,4320,55.47166052357877
Zürich HB,4324,33.50375618580179
Zürich HB,4401,54.38475978900638
Zürich HB,4406,71.90711047641764
Zürich HB,4411,51.88475978900638
Zürich HB,4416,59.23306616533164
Zürich HB,4421,58.38475978900638
Zürich HB,4426,51.38475978900638
Zürich HB,4431,53.81745260308456
Zürich HB,4436,47.38475978900638
Zürich HB,4441,70.17175272560422
Zürich HB,4446,67.20227041526888
Zürich HB,4451,50.38475978900638
Zürich HB,4461,42.940851742756166
Zürich HB,4471,47.228285803502914
Zürich HB,4476,41.228285803502914
Zürich HB,4486,51.884891314266646
Zürich HB,4495,66.27409687290239
Zürich HB,4501,41.228285803502914
Zürich HB,4506,39.228285803502914
Zürich HB,4511,47.228285803502914
Zürich HB,4536,43.88979527876217
Zürich HB,4545,40.38979527876217
Zürich HB,4546,36.88979527876217
Zürich HB,4551,29.0
Zürich HB,4561,30.0
Zürich HB,4566,30.0
Zürich HB,4571,26.0
Zürich HB,4590,32.0
Zürich HB,4591,36.5
Zürich HB,4601,76.94903318635252
Zürich HB,4606,55.276585509607806
Zürich HB,4611,73.27253167927012
Zürich HB,4616,85.31099689221767
Zürich HB,4621,67.74712218754357
Zürich HB,4641,56.38475978900638
Zürich HB,4643,57.76096530552532
Zürich HB,4646,59.26096530552532
Zürich HB,4651,64.69084191074951
Zürich HB,4656,53.38475978900638
Zürich HB,4666,45.76096530552532
Zürich HB,4671,54.51096530552532
Zürich HB,4681,95.48594036662014
Zürich HB,4683,48.76096530552532
Zürich HB,4691,58.176828294512696
Zürich HB,4696,54.76096530552532
Zürich HB,4701,109.90385541377869
Zürich HB,4711,43.76096530552532
Zürich HB,4716,40.0
Zürich HB,4721,60.35493947768262
Zürich HB,4723,77.82908273379343
Zürich HB,4724,32.0
Zürich HB,4726,98.19960252119482
Zürich HB,4741,72.09424305374064
Zürich HB,4746,39.0
Zürich HB,4751,55.728339728429866
Zürich HB,4756,87.65730106113357
Zürich HB,4761,35.0
Zürich HB,4776,43.5
Zürich HB,4781,41.5
Zürich HB,4786,56.332840144129385
Zürich HB,4791,102.14391818232191
Zürich HB,4801,62.88979527876217
Zürich HB,4806,52.88979527876217
Zürich HB,4811,94.36909269710272
Zürich HB,4816,103.66480910339334
Zürich HB,4821,95.78807470210124
Zürich HB,4826,55.88979527876217
Zürich HB,4831,56.86762499678176
Zürich HB,4841,69.58679263634697
Zürich HB,4846,104.5893250837032
Zürich HB,4851,61.76096530552532
Zürich HB,4864,60.88979527876217
Zürich HB,4871,46.88979527876217
Zürich HB,4881,64.41460396063624
Zürich HB,4891,41.26096530552532
Zürich HB,4901,72.205576377096
Zürich HB,4911,38.18151901228839
Zürich HB,4921,39.76096530552532
Zürich HB,4941,35.33530840603445
Zürich HB,4946,36.76096530552532
Zürich HB,4951,34.0
Zürich HB,5001,83.10336545391773
Zürich HB,5002,82.60336545391773
Zürich HB,5003,88.10336545391773
Zürich HB,5009,142.79675769647451
Zürich HB,5010,118.85855856281825
Zürich HB,5017,86.10336545391773
Zürich HB,5048,165.78612669557128
Zürich HB,5049,165.78612669557128
Zürich HB,5050,165.78612669557128
Zürich HB,5061,88.10336545391773
Zürich HB,5063,165.78612669557128
Zürich HB,5071,137.66659047227108
Zürich HB,5072,92.10336545391773
Zürich HB,5073,78.10336545391773
Zürich HB,5076,127.6626634722013
Zürich HB,5077,111.28445182810012
Zürich HB,5079,94.10336545391773
Zürich HB,5091,165.78612669557128
Zürich HB,5096,123.57168992124302
Zürich HB,5097,158.26437430655312
Zürich HB,5108,92.10336545391773
Zürich HB,5112,95.91757936317235
Zürich HB,5113,195.386569608505
Zürich HB,5115,165.78612669557128
Zürich HB,5117,148.89857749059277
Zürich HB,5118,96.10336545391773
Zürich HB,5120,163.78036805053478
Zürich HB,5121,117.60482823716177
Zürich HB,5125,158.9268974148792
Zürich HB,5131,94.10336545391773
Zürich HB,5136,165.78612669557128
Zürich HB,5138,126.04315709779561
Zürich HB,5141,136.04097114270417
Zürich HB,5143,156.93616537213967
Zürich HB,5144,139.8469975379092
Zürich HB,5148,107.57726091409346
Zürich HB,5151,129.06815454332826
Zürich HB,5154,115.76401713709986
Zürich HB,5160,131.12825496472462
Zürich HB,5161,140.8192874158441
Zürich HB,5162,103.58002583346075
Zürich HB,5167,128.66403115399794
Zürich HB,5171,164.8387398275515
Zürich HB,5176,119.15196905599753
Zürich HB,5180,107.47708944478745
Zürich HB,5186,121.2325235298242
Zürich HB,5187,108.48070059722622
Zürich HB,5189,96.10336545391773
Zürich HB,5192,92.10336545391773
Zürich HB,5193,148.2387339761929
Zürich HB,5194,113.46819943855941
Zürich HB,5196,102.36509202696047
Zürich HB,5198,97.10336545391773
Zürich HB,5199,95.10336545391773
Zürich HB,5203,148.48179172906976
Zürich HB,5205,121.36092344480554
Zürich HB,5206,158.92128090756356
Zürich HB,5208,113.69416752899487
Zürich HB,5210,94.10336545391773
Zürich HB,5212,165.78612669557128
Zürich HB,5214,123.04802836861641
Zürich HB,5216,165.78612669557128
Zürich HB,5221,111.03968515195608
Zürich HB,5225,104.58078193090898
Zürich HB,5226,145.2835261636343
Zürich HB,5227,98.10336545391773
Zürich HB,5230,156.54313374131988
Zürich HB,5231,116.39903413580632
Zürich HB,5233,131.91986179478442
Zürich HB,5236,129.14086108277917
Zürich HB,5237,143.96371784476062
Zürich HB,5238,92.10336545391773
Zürich HB,5239,165.78612669557128
Zürich HB,5240,100.10336545391773
Zürich HB,5242,109.10336545391773
Zürich HB,5249,143.10336545391772
Zürich HB,5250,112.10336545391773
Zürich HB,5251,122.94577316687936
Zürich HB,5254,111.10336545391773
Zürich HB,5257,124.40239129275469
Zürich HB,5260,130.48035660023476
Zürich HB,5263,120.97384254090379
Zürich HB,5266,109.10336545391773
Zürich HB,5268,133.41451581383294
Zürich HB,5269,165.78612669557128
Zürich HB,5281,74.10336545391773
Zürich HB,5287,138.6939373564652
Zürich HB,5304,165.78612669557128
Zürich HB,5307,165.78612669557128
Zürich HB,5309,165.78612669557128
Zürich HB,5310,165.78612669557128
Zürich HB,5315,165.78612669557128
Zürich HB,5317,165.78612669557128
Zürich HB,5323,165.78612669557128
Zürich HB,5324,165.78612669557128
Zürich HB,5391,151.38647298022073
Zürich HB,5394,165.78612669557128
Zürich HB,5395,165.78612669557128
Zürich HB,5396,215.4573706471518
Zürich HB,5397,201.25737064715182
Zürich HB,5398,97.90336545391773
Zürich HB,5399,165.78612669557128
Zürich HB,5401,128.72574934262227
Zürich HB,5402,134.26741192735363
Zürich HB,5403,157.53118982691097
Zürich HB,5404,163.6908573487552
Zürich HB,5405,149.2371088970506
Zürich HB,5406,165.78612669557128
Zürich HB,5407,143.64241600928892
Zürich HB,5408,149.7825389439146
Zürich HB,5409,151.29176432610512
Zürich HB,5410,151.3090826759556
Zürich HB,5411,160.35074934262227
Zürich HB,5412,145.80842113864324
Zürich HB,5413,121.97574934262227
Zürich HB,5414,118.97574934262227
Zürich HB,5415,142.3157733206327
Zürich HB,5422,160.7693278590666
Zürich HB,5423,135.09859534747707
Zürich HB,5424,165.78612669557128
Zürich HB,5425,142.09859534747707
Zürich HB,5426,154.35638242641733
Zürich HB,5427,142.40096926765432
Zürich HB,5428,165.78612669557128
Zürich HB,5429,165.78612669557128
Zürich HB,5430,165.78612669557128
Zürich HB,5431,165.78612669557128
Zürich HB,5434,165.78612669557128
Zürich HB,5435,164.9892145580259
Zürich HB,5436,165.78612669557128
Zürich HB,5437,165.78612669557128
Zürich HB,5451,82.0
Zürich HB,5456,145.41955184787648
Zürich HB,5458,79.0
Zürich HB,5464,139.90357435721373
Zürich HB,5471,150.39868536416466
Zürich HB,5472,141.91744575673354
Zürich HB,5473,161.03790998902966
Zürich HB,5474,165.78612669557128
Zürich HB,5475,165.78612669557128
Zürich HB,5476,155.73733035062386
Zürich HB,5477,126.60695828645827
Zürich HB,5479,165.78612669557128
Zürich HB,5480,139.0985149877985
Zürich HB,5481,147.293106538286
Zürich HB,5482,101.25412283142526
Zürich HB,5483,142.70096351952245
Zürich HB,5484,129.80672338155108
Zürich HB,5485,165.78612669557128
Zürich HB,5486,143.09859534747707
Zürich HB,5487,138.838958727705
Zürich HB,5488,149.635460981785
Zürich HB,5489,133.90880886463546
Zürich HB,5490,165.78612669557128
Zürich HB,5491,165.78612669557128
Zürich HB,5492,140.09859534747707
Zürich HB,5493,126.07189277380323
Zürich HB,5495,104.25412283142526
Zürich HB,5496,121.67835662383801
Zürich HB,5497,132.9410584227842
Zürich HB,5498,109.25412283142526
Zürich HB,5499,140.471532014783
Zürich HB,5501,146.2078770222773
Zürich HB,5503,106.25412283142526
Zürich HB,5511,165.78612669557128
Zürich HB,5512,165.78612669557128
Zürich HB,5514,165.78612669557128
Zürich HB,5515,165.78612669557128
Zürich HB,5516,165.78612669557128
Zürich HB,5518,165.78612669557128
Zürich HB,5520,148.60080258433925
Zürich HB,5521,165.78612669557128
Zürich HB,5522,165.78612669557128
Zürich HB,5523,165.78612669557128
Zürich HB,5527,165.78612669557128
Zürich HB,5529,123.76352368525168
Zürich HB,5530,165.78612669557128
Zürich HB,5531,142.598390561226
Zürich HB,5533,165.78612669557128
Zürich HB,5534,165.78612669557128
Zürich HB,5535,155.78505255896204
Zürich HB,5537,165.78612669557128
Zürich HB,5539,165.78612669557128
Zürich HB,5540,165.78612669557128
Zürich HB,5541,148.59397917843268
Zürich HB,5551,144.29875236800206
Zürich HB,5552,156.65702465660988
Zürich HB,5553,136.79865384015025
Zürich HB,5554,93.0
Zürich HB,5555,108.75780336997317
Zürich HB,5556,133.1195590905814
Zürich HB,5557,161.2303009411966
Zürich HB,5559,114.8926458398595
Zürich HB,5560,161.47533151966775
Zürich HB,5561,97.0
Zürich HB,5562,154.13572992805086
Zürich HB,5563,132.8127742433218
Zürich HB,5564,142.77070726043294
Zürich HB,5565,127.27032576822486
Zürich HB,5566,132.17469497646422
Zürich HB,5568,126.0
Zürich HB,5571,161.79112147763774
Zürich HB,5581,127.2989512381423
Zürich HB,5582,165.78612669557128
Zürich HB,5583,137.09725507933294
Zürich HB,5584,159.13374611254417
Zürich HB,5585,134.9801813739983
Zürich HB,5586,106.42529892404472
Zürich HB,5587,163.52825272712352
Zürich HB,5588,145.7385997356599
Zürich HB,5589,108.42529892404472
Zürich HB,5590,107.92529892404472
Zürich HB,5591,109.42529892404472
Zürich HB,5592,149.94771407787576
Zürich HB,5601,105.37880727429892
Zürich HB,5604,141.7262461199066
Zürich HB,5606,108.7276378242142
Zürich HB,5607,101.87880727429892
Zürich HB,5609,116.37880727429892
Zürich HB,5610,115.37880727429892
Zürich HB,5611,159.2324397972
Zürich HB,5613,110.66367601160827
Zürich HB,5621,128.48072868002444
Zürich HB,5622,136.57730542811674
Zürich HB,5623,154.5047966134447
Zürich HB,5624,108.25412283142526
Zürich HB,5627,121.11602051752652
Zürich HB,5628,116.09859534747707
Zürich HB,5629,143.75763691394943
Zürich HB,5631,134.2267788585423
Zürich HB,5632,111.42529892404472
Zürich HB,5633,126.56425298201097
Zürich HB,5634,144.1410649646344
Zürich HB,5635,126.95792910760233
Zürich HB,5636,117.09859534747707
Zürich HB,5637,148.4694117862767
Zürich HB,5638,112.42529892404472
Zürich HB,5639,131.79260668388883
Zürich HB,5640,141.40887441096146
Zürich HB,5642,113.09859534747707
Zürich HB,5643,159.3117399364473
Zürich HB,5645,139.62874166235335
Zürich HB,5646,115.09859534747707
Zürich HB,5648,165.78612669557128
Zürich HB,5649,157.0006089758499
Zürich HB,5650,132.32926763312898
Zürich HB,5651,134.7533506174845
Zürich HB,5652,140.74290659320104
Zürich HB,5653,118.59859534747707
Zürich HB,5654,165.78612669557128
Zürich HB,5655,124.09859534747707
Zürich HB,5656,130.84859534747707
Zürich HB,5661,165.78612669557128
Zürich HB,5663,140.83880717701945
Zürich HB,5665,126.282024279929
Zürich HB,5669,117.72135428970766
Zürich HB,5671,134.26983220597805
Zürich HB,5673,165.78612669557128
Zürich HB,5674,135.14127291591697
Zürich HB,5675,105.0
Zürich HB,5678,109.0
Zürich HB,5680,165.78612669557128
Zürich HB,5683,111.3056113453788
Zürich HB,5684,140.3872872384802
Zürich HB,5688,146.6339533976169
Zürich HB,5690,141.4606245713401
Zürich HB,5692,146.95040926853213
Zürich HB,5693,160.63940968357838
Zürich HB,5701,165.4829837610289
Zürich HB,5702,146.84859534747707
Zürich HB,5703,165.78612669557128
Zürich HB,5704,165.78612669557128
Zürich HB,5705,165.78612669557128
Zürich HB,5706,164.50802710627474
Zürich HB,5707,165.78612669557128
Zürich HB,5708,165.78612669557128
Zürich HB,5709,165.78612669557128
Zürich HB,5710,159.42588788925207
Zürich HB,5711,152.2760008839783
Zürich HB,5712,129.09859534747707
Zürich HB,5713,159.596821628176
Zürich HB,5714,165.78612669557128
Zürich HB,5715,141.44737095306434
Zürich HB,5716,151.2372790964984
Zürich HB,5717,150.67082047498528
Zürich HB,5718,137.76526201414376
Zürich HB,5719,165.78612669557128
Zürich HB,5720,134.09859534747707
Zürich HB,5721,123.09859534747707
Zürich HB,5722,141.98718714403796
Zürich HB,5723,131.09859534747707
Zürich HB,5724,125.59859534747707
Zürich HB,5725,148.16650349269997
Zürich HB,5726,165.78612669557128
Zürich HB,5727,161.49859534747708
Zürich HB,5728,138.47758460817118
Zürich HB,5729,130.09859534747707
Zürich HB,5730,129.59859534747707
Zürich HB,5731,165.78612669557128
Zürich HB,5732,145.24168109728487
Zürich HB,5741,138.28855386597908
Zürich HB,5742,127.19158785239718
Zürich HB,5743,113.25412283142526
Zürich HB,5744,148.97742313365734
Zürich HB,5745,109.0
Zürich HB,5746,99.9677216044474
Zürich HB,5747,136.03083115028474
Zürich HB,5748,119.02492855349014
Zürich HB,5749,98.5
Zürich HB,5750,143.6493314811326
Zürich HB,5752,135.1181062245379
Zürich HB,5754,158.674376412895
Zürich HB,5755,165.78612669557128
Zürich HB,5756,129.0433132367472
Zürich HB,5757,105.0
Zürich HB,5758,165.78612669557128
Zürich HB,5759,146.84767773502523
Zürich HB,5760,130.18509192334335
Zürich HB,5761,118.25412283142526
Zürich HB,5762,141.46865311104224
Zürich HB,5763,139.6383902271734
Zürich HB,5764,127.02492855349014
Zürich HB,5765,164.38545831056337
Zürich HB,5766,103.0
Zürich HB,5785,165.78612669557128
Zürich HB,5790,134.09868350815657
Zürich HB,5792,165.78612669557128
Zürich HB,5798,158.47103603822734
Zürich HB,5799,146.03163906308956
Zürich HB,5803,131.52214895252612
Zürich HB,5804,165.78612669557128
Zürich HB,5805,99.06837621909196
Zürich HB,5806,142.99729210827147
Zürich HB,5812,164.8762751944009
Zürich HB,5813,165.78612669557128
Zürich HB,5816,91.5
Zürich HB,5817,136.78950967828573
Zürich HB,5819,102.0
Zürich HB,5821,118.4759750630938
Zürich HB,5822,94.0
Zürich HB,5827,131.5660474737846
Zürich HB,5828,161.4574357917942
Zürich HB,5830,134.44545225187116
Zürich HB,5831,100.0
Zürich HB,5841,139.65282003447282
Zürich HB,5842,131.13708305347103
Zürich HB,5843,138.20003097747818
Zürich HB,5851,117.09859534747707
Zürich HB,5852,165.78612669557128
Zürich HB,5853,165.78612669557128
Zürich HB,5854,165.78612669557128
Zürich HB,5855,165.78612669557128
Zürich HB,5856,158.56698874904527
Zürich HB,5857,153.46363376724784
Zürich HB,5858,155.82782283074354
Zürich HB,5859,138.64594849360762
Zürich HB,5860,165.78612669557128
Zürich HB,5861,120.09859534747707
Zürich HB,5862,145.5743224804132
Zürich HB,5863,163.87990590570246
Zürich HB,5871,136.02492855349016
Zürich HB,5872,153.82492855349017
Zürich HB,5873,142.27492855349016
Zürich HB,5882,123.58741127266227
Zürich HB,5883,114.37880727429892
Zürich HB,5884,144.28148669385587
Zürich HB,5885,138.64406219274582
Zürich HB,5886,128.77001602187278
Zürich HB,5889,113.6772783084606
Zürich HB,5890,113.87880727429892
Zürich HB,5891,139.47574934262227
Zürich HB,5892,129.0454739409656
Zürich HB,5902,117.21667541168982
Zürich HB,5903,165.78612669557128
Zürich HB,5904,122.14031795511117
Zürich HB,5905,99.0
Zürich HB,5907,140.47361810621155
Zürich HB,5908,150.4530044095724
Zürich HB,5909,135.91502177918207
Zürich HB,5910,156.54370206476045
Zürich HB,5911,140.6285995673994
Zürich HB,5912,165.78612669557128
Zürich HB,5913,165.78612669557128
Zürich HB,5914,97.0
Zürich HB,5919,143.01024538394003
Zürich HB,5921,153.54073536361102
Zürich HB,5922,95.0
Zürich HB,5923,165.78612669557128
Zürich HB,5924,121.69129759335276
Zürich HB,5925,165.78612669557128
Zürich HB,5926,130.90625044281077
Zürich HB,5928,122.67477658068161
Zürich HB,5929,121.19940867108835
Zürich HB,5930,128.26381883837487
Zürich HB,5931,123.33924924713209
Zürich HB,5932,154.59914667060812
Zürich HB,5933,96.0
Zürich HB,5934,138.4766359844565
Zürich HB,5935,145.73360110142272
Zürich HB,5937,137.3634686852661
Zürich HB,5938,93.5
Zürich HB,5939,99.0
Zürich HB,6002,100.83531031566596
Zürich HB,6004,105.45737064715182
Zürich HB,6007,165.78612669557128
Zürich HB,6008,165.78612669557128
Zürich HB,6009,165.78612669557128
Zürich HB,6010,160.11295048219097
Zürich HB,6011,165.78612669557128
Zürich HB,6021,122.2000309774782
Zürich HB,6022,124.2000309774782
Zürich HB,6023,120.2000309774782
Zürich HB,6024,165.78612669557128
Zürich HB,6025,159.50582424839862
Zürich HB,6032,165.78612669557128
Zürich HB,6033,165.78612669557128
Zürich HB,6034,147.20003097747818
Zürich HB,6035,141.20003097747818
Zürich HB,6037,145.20003097747818
Zürich HB,6052,136.2132499841801
Zürich HB,6054,165.78612669557128
Zürich HB,6056,165.78612669557128
Zürich HB,6057,129.2132499841801
Zürich HB,6058,171.20003097747818
Zürich HB,6061,125.2132499841801
Zürich HB,6076,128.7033654539177
Zürich HB,6077,131.6747940253463
Zürich HB,6082,165.78612669557128
Zürich HB,6083,165.78612669557128
Zürich HB,6084,165.78612669557128
Zürich HB,6087,165.78612669557128
Zürich HB,6089,165.78612669557128
Zürich HB,6090,165.78612669557128
Zürich HB,6101,156.27110988725823
Zürich HB,6102,159.21368684310133
Zürich HB,6104,165.78612669557128
Zürich HB,6109,165.78612669557128
Zürich HB,6110,105.2000309774782
Zürich HB,6111,165.78612669557128
Zürich HB,6112,165.78612669557128
Zürich HB,6113,107.2000309774782
Zürich HB,6116,151.05164343013692
Zürich HB,6117,158.04364190322988
Zürich HB,6118,143.32028605963202
Zürich HB,6119,103.2000309774782
Zürich HB,6131,136.2000309774782
Zürich HB,6133,165.78612669557128
Zürich HB,6134,165.78612669557128
Zürich HB,6135,165.78612669557128
Zürich HB,6136,131.2000309774782
Zürich HB,6137,163.33295372485566
Zürich HB,6139,125.2000309774782
Zürich HB,6140,155.74238564066977
Zürich HB,6141,128.2000309774782
Zürich HB,6142,165.78612669557128
Zürich HB,6151,168.47574934262227
Zürich HB,6152,136.93976245316978
Zürich HB,6153,138.56135458684128
Zürich HB,6154,144.40377556371726
Zürich HB,6155,149.90377556371726
Zürich HB,6156,148.97574934262227
Zürich HB,6157,159.97574934262227
Zürich HB,6158,165.78612669557128
Zürich HB,6159,140.90377556371726
Zürich HB,6172,144.81948366522676
Zürich HB,6173,106.2132499841801
Zürich HB,6177,116.7132499841801
Zürich HB,6181,143.87240050311482
Zürich HB,6191,109.45737064715182
Zürich HB,6192,165.78612669557128
Zürich HB,6193,148.89929939193132
Zürich HB,6194,140.3587267186796
Zürich HB,6195,106.2000309774782
Zürich HB,6197,150.82449440679972
Zürich HB,6198,145.92435929803602
Zürich HB,6199,98.2000309774782
Zürich HB,6201,161.84580408695908
Zürich HB,6202,165.78612669557128
Zürich HB,6203,110.2132499841801
Zürich HB,6204,105.7000309774782
Zürich HB,6205,165.78612669557128
Zürich HB,6211,165.36547318278505
Zürich HB,6212,152.42617565263845
Zürich HB,6213,132.90377556371723
Zürich HB,6214,166.53336431081152
Zürich HB,6215,130.90377556371723
Zürich HB,6217,128.90377556371723
Zürich HB,6218,149.20003097747818
Zürich HB,6219,131.00456855737878
Zürich HB,6220,165.78612669557128
Zürich HB,6232,165.78612669557128
Zürich HB,6235,133.67534725584156
Zürich HB,6238,165.78612669557128
Zürich HB,6239,165.78612669557128
Zürich HB,6240,165.78612669557128
Zürich HB,6246,114.2000309774782
Zürich HB,6248,109.2000309774782
Zürich HB,6252,165.78612669557128
Zürich HB,6253,160.76495206585258
Zürich HB,6254,132.80526158671842
Zürich HB,6261,165.78612669557128
Zürich HB,6263,150.17179986368788
Zürich HB,6265,165.78612669557128
Zürich HB,6266,117.2000309774782
Zürich HB,6267,158.78839694599264
Zürich HB,6281,165.78612669557128
Zürich HB,6282,165.78612669557128
Zürich HB,6283,111.2000309774782
Zürich HB,6285,136.22540037396095
Zürich HB,6286,102.45737064715182
Zürich HB,6287,135.2000309774782
Zürich HB,6288,165.78612669557128
Zürich HB,6289,165.78612669557128
Zürich HB,6290,165.78612669557128
Zürich HB,6291,165.78612669557128
Zürich HB,6292,124.2000309774782
Zürich HB,6293,104.2000309774782
Zürich HB,6294,145.13126920173025
Zürich HB,6295,139.20003097747818
Zürich HB,6296,143.70933067824046
Zürich HB,6297,95.70664048082914
Zürich HB,6298,165.78612669557128
Zürich HB,6299,128.68467960446543
Zürich HB,6300,149.20003097747818
Zürich HB,6404,82.0
Zürich HB,6408,104.63806575324269
Zürich HB,6413,83.10025972800143
Zürich HB,6416,80.06683981866762
Zürich HB,6417,86.5
Zürich HB,6421,94.95238095238095
Zürich HB,6422,131.6426472899899
Zürich HB,6423,100.2062288703817
Zürich HB,6432,165.78612669557128
Zürich HB,6433,120.09426284916391
Zürich HB,6434,165.78612669557128
Zürich HB,6435,144.05054500519714
Zürich HB,6436,100.15559263425607
Zürich HB,6437,104.4235899563976
Zürich HB,6451,75.0
Zürich HB,6452,73.0
Zürich HB,6455,71.0
Zürich HB,6456,122.53580960750651
Zürich HB,6458,77.5
Zürich HB,6487,87.5
Zürich HB,6504,165.78612669557128
Zürich HB,6511,165.78612669557128
Zürich HB,6512,92.77194802743142
Zürich HB,6513,78.0
Zürich HB,6601,165.78612669557128
Zürich HB,6602,165.78612669557128
Zürich HB,6603,162.22416338079546
Zürich HB,6604,165.78612669557128
Zürich HB,6605,165.78612669557128
Zürich HB,6606,136.09859534747707
Zürich HB,6607,165.78612669557128
Zürich HB,6608,154.83157528080056
Zürich HB,6609,165.78612669557128
Zürich HB,6610,165.78612669557128
Zürich HB,6611,164.5313447477644
Zürich HB,6612,160.1473952412371
Zürich HB,6613,146.09859534747707
Zürich HB,6614,165.78612669557128
Zürich HB,6615,165.78612669557128
Zürich HB,6616,165.78612669557128
Zürich HB,6617,164.36688204281813
Zürich HB,6618,165.78612669557128
Zürich HB,6619,165.78612669557128
Zürich HB,6620,147.09859534747707
Zürich HB,6621,140.34859534747707
Zürich HB,6622,134.59859534747707
Zürich HB,6623,141.09859534747707
Zürich HB,6624,165.78612669557128
Zürich HB,6625,165.78612669557128
Zürich HB,6626,165.78612669557128
Zürich HB,6627,165.78612669557128
Zürich HB,6628,142.09859534747707
Zürich HB,6629,165.78612669557128
Zürich HB,6630,140.59859534747707
Zürich HB,6631,163.58348048914974
Zürich HB,6632,165.78612669557128
Zürich HB,6633,157.8750800686172
Zürich HB,6634,137.09859534747707
Zürich HB,6635,165.78612669557128
Zürich HB,6636,164.87337565032587
Zürich HB,6637,145.09859534747707
Zürich HB,6638,143.09859534747707
Zürich HB,6639,165.78612669557128
Zürich HB,6640,156.1509388349199
Zürich HB,6641,165.78612669557128
Zürich HB,6642,165.78612669557128
Zürich HB,6643,139.09859534747707
Zürich HB,6644,132.09859534747707
Zürich HB,6645,165.78612669557128
Zürich HB,6702,113.40143589330144
Zürich HB,6703,148.53767233261718
Zürich HB,6704,106.1758792499051
Zürich HB,6706,160.0157798329676
Zürich HB,6708,113.55077328892966
Zürich HB,6709,105.00030500433022
Zürich HB,6710,67.83145794295488
Zürich HB,6711,65.83145794295488
Zürich HB,6712,108.14903115580739
Zürich HB,6713,149.42193655205375
Zürich HB,6715,165.78612669557128
Zürich HB,6716,116.02669343987068
Zürich HB,6718,132.68639397049935
Zürich HB,6719,165.78612669557128
Zürich HB,6721,90.88935603063165
Zürich HB,6722,96.56362201086144
Zürich HB,6724,121.56406218842542
Zürich HB,6729,74.33145794295487
Zürich HB,6730,135.60323726117954
Zürich HB,6741,98.83145794295487
Zürich HB,6742,102.22097196196992
Zürich HB,6743,90.49812460962154
Zürich HB,6745,127.69956211115318
Zürich HB,6748,115.5726603804736
Zürich HB,6750,113.83045452421283
Zürich HB,6751,93.33145794295487
Zürich HB,6753,100.33145794295487
Zürich HB,6754,98.83145794295487
Zürich HB,6757,103.83145794295487
Zürich HB,6758,88.83145794295487
Zürich HB,6759,139.54892442093885
Zürich HB,6771,91.83145794295487
Zürich HB,6774,97.83145794295487
Zürich HB,6778,146.9654651361947
Zürich HB,6781,129.57480103206458
Zürich HB,6782,118.37602686112923
Zürich HB,6783,90.83145794295487
Zürich HB,6784,83.83145794295487
Zürich HB,6785,134.90979710921593
Zürich HB,6789,165.78612669557128
Zürich HB,6790,135.92482119823356
Zürich HB,6792,165.78612669557128
Zürich HB,6800,87.83145794295487
Zürich HB,6806,97.83145794295487
Zürich HB,6807,94.33145794295487
Zürich HB,6808,78.83145794295487
Zürich HB,6809,165.78612669557128
Zürich HB,6810,143.04406730854276
Zürich HB,6811,151.31993041933117
Zürich HB,6812,101.83145794295487
Zürich HB,9040,43.139184162518376
Zürich HB,9051,22.889791920951584
Zürich HB,9073,96.38950705932405
Zürich HB,9089,117.14983123534293
Zürich HB,9149,81.80598383580389
Zürich HB,9150,82.03483507510904
Zürich HB,9152,99.17749701026887
Zürich HB,9155,128.09944377598404
Zürich HB,9328,118.59476058644397
Zürich HB,9329,77.15523286527872
